home_ownership,count,default_rate
MORTGAGE,665596,0.17209839001436306
OWN,144840,0.20624136978735155
RENT,534436,0.23218682873159743
