{
  "total_loans": 1345350,
  "total_funded": 19388585275.0,
  "avg_loan_amount": 14419.969952057085,
  "default_rate": 0.19964990522912254,
  "avg_int_rate": 13.239706463002193,
  "avg_annual_inc": 65000.0,
  "avg_dti": 18.282636597232962
}