term,count,default_rate
 36 months,1020768,0.1599550534499514
 60 months,324582,0.3244850299770166
